{
  "schema_version": 1,
  "job_name": "strix-benchmark-kernels-dma-double-buffer-load-20260510-135556",
  "kernel": "kernels.dma_double_buffer_load",
  "total_bytes": 2147483648,
  "num_configs": 2,
  "failed_count": 0,
  "rows": [
    {
      "bf": 1024,
      "bd": 8192,
      "num_loads": 128,
      "tile_bytes": 16777216,
      "median_ms": 435.4344844999787,
      "stdev_ms": 11.748918022629372,
      "gib_per_s_median": 4.593113479049907
    },
    {
      "bf": 8192,
      "bd": 1024,
      "num_loads": 128,
      "tile_bytes": 16777216,
      "median_ms": 440.22499649997826,
      "stdev_ms": 10.975254798003464,
      "gib_per_s_median": 4.543131389405551
    }
  ],
  "sorted_by": "gib_per_s_median_desc"
}