{
  "schema_version": 1,
  "job_name": "strix-benchmark-kernels-dma-double-buffer-load-20260510-141807",
  "kernel": "kernels.dma_double_buffer_load",
  "total_bytes": 2147483648,
  "num_configs": 4,
  "failed_count": 0,
  "rows": [
    {
      "bf": 1024,
      "bd": 8192,
      "num_loads": 128,
      "tile_bytes": 16777216,
      "median_ms": 236.93268799979705,
      "stdev_ms": 7.395662078600898,
      "gib_per_s_median": 8.441216013223608
    },
    {
      "bf": 8192,
      "bd": 1024,
      "num_loads": 128,
      "tile_bytes": 16777216,
      "median_ms": 238.1174204999752,
      "stdev_ms": 7.1995744069906324,
      "gib_per_s_median": 8.39921747766543
    },
    {
      "bf": 1024,
      "bd": 8192,
      "num_loads": 128,
      "tile_bytes": 16777216,
      "median_ms": 238.60254099986378,
      "stdev_ms": 7.740723228553654,
      "gib_per_s_median": 8.382140406464245
    },
    {
      "bf": 8192,
      "bd": 1024,
      "num_loads": 128,
      "tile_bytes": 16777216,
      "median_ms": 240.01669950007454,
      "stdev_ms": 9.474519702212994,
      "gib_per_s_median": 8.332753529924192
    }
  ],
  "sorted_by": "gib_per_s_median_desc"
}